시군명,서비스구분명,기관명,도로명주소,지번주소,우편번호,전화번호,팩스번호,비고,WGS84위도,WGS84경도
수원시,노인돌봄기본서비스,SK청솔노인복지관,경기도 수원시 장안구 장안로 174,경기도 수원시 장안구 정자동 286번지,16340,031-257-6811,031-257-6812,,37.29889634,126.9973329
가평군,노인돌봄기본서비스,가평군노인복지관,경기도 가평군 가평읍 가화로 161,경기도 가평군 가평읍 읍내리 625-8번지,12413,031-582-0763,031-581-0511,,37.83347967,127.5110479
고양시,노인돌봄기본서비스,고양시대화노인종합복지관,경기도 고양시 일산서구 일산로 778,경기도 고양시 일산서구 대화동 2237번지,10382,031-917-1352,031-917-1360,,37.67446225,126.748021
과천시,노인돌봄기본서비스,과천시노인복지관,경기도 과천시 문원로 57,경기도 과천시 문원동 15-168번지,13828,02-502-8500,02-502-8522,,37.42807486,127.0043055
수원시,노인돌봄기본서비스,광교노인복지관,경기도 수원시 영통구 센트럴타운로 22,경기도 수원시 영통구 이의동 1328-1번지,16505,031-8006-7400,031-8006-7459,,37.28940538,127.056866
광명시,노인돌봄기본서비스,광명시립소하노인종합복지관,경기도 광명시 소하로 25,경기도 광명시 소하동 1291번지,14315,02-6212-0113,02-2625-9330,,37.4521268,126.8849047
광주시,노인돌봄기본서비스,광주시노인종합복지회관,경기도 광주시 파발로 202,경기도 광주시 탄벌동 18-1번지,12739,031-766-9129,031-766-9266,,37.41686062,127.2498977
구리시,노인돌봄기본서비스,구리시종합사회복지관,경기도 구리시 벌말로129번길 50,경기도 구리시 토평동 984번지,11946,031-556-8100,031-556-6052,,37.58922903,127.1464825
김포시,노인돌봄기본서비스,김포시노인종합복지관,경기도 김포시 사우중로74번길 48,경기도 김포시 사우동 865번지,10111,031-997-9300,031-996-3926,,37.62219345,126.7225773
남양주시,노인돌봄기본서비스,남양주시노인복지관,경기도 남양주시 진건읍 진건오남로 359,경기도 남양주시 진건읍 송능리 109-17번지,12129,031-573-6598,031-573-6597,,37.67333432,127.197142
고양시,노인돌봄기본서비스,덕양노인종합복지관,경기도 고양시 덕양구 어울림로 49,경기도 고양시 덕양구 화정동 846번지,10470,031-969-7781,031-969-7784,,37.64834808,126.8365278
동두천시,노인돌봄기본서비스,동두천시노인복지관,경기도 동두천시 동두천로 264,경기도 동두천시 생연동 643-3번지,11329,031-857-9918,031-857-9929,,37.90502605,127.0561186
수원시,노인돌봄기본서비스,버드내노인복지관,경기도 수원시 권선구 권선로564번길 36,경기도 수원시 권선구 세류동 483번지,16576,031-898-6544,031-898-6549,,37.26104398,127.0118891
시흥시,노인돌봄기본서비스,보살핌재가노인복지센터,경기도 시흥시 시흥대로 1079-1,경기도 시흥시 신천동 883-4번지 2층,14951,031-404-1339,031-435-0772,,37.43223992,126.7927394
부천시,노인돌봄기본서비스,부천시독거노인지원센터,경기도 부천시 부천로 360,경기도 부천시 도당동 32-4번지 도당어울마당 3층,14480,032-322-2260,032-322-2208,,37.5160367,126.7851072
수원시,노인돌봄기본서비스,서호노인복지관,경기도 수원시 권선구 구운로4번길 34,경기도 수원시 권선구 구운동 501번지,16409,031-291-0911,031-291-0914,,37.27862033,126.9759784
안양시,노인돌봄기본서비스,성결재가노인지원서비스센터,경기도 안양시 동안구 경수대로 938,경기도 안양시 동안구 비산동 554-15번지 602호,13925,031-426-6828,031-421-0365,,37.3990238,126.933031
성남시,노인돌봄기본서비스,성남시독거노인종합지원센터,경기도 성남시 분당구 야탑로205번길 26,경기도 성남시 분당구 야탑동 221번지 성남고령친화종합체험관 218호,13503,031-728-9900,031-735-3204,,37.41066569,127.142854
군포시,노인돌봄기본서비스,성민재가노인복지센터,경기도 군포시 군포로 487,경기도 군포시 당동 785-16번지 동영프라자 502호,15861,031-397-2020,031-397-2021,,37.34992462,126.9440354
의정부시,노인돌봄기본서비스,송산노인종합복지관,,경기도 의정부시 시용민로99 (민락동),,031-852-2595,031-852-2594,,,
시흥시,노인돌봄기본서비스,시흥재가노인통합지원센터,경기도 시흥시 오동마을로6번안길 34,경기도 시흥시 정왕동 2323-10번지 금강빌딩 4층,15049,031-431-0137,031-497-0400,,37.35136224,126.7455282
안산시,노인돌봄기본서비스,안산시초지종합사회복지관,경기도 안산시 단원구 원초로 76,경기도 안산시 단원구 초지동 604-3번지,15387,031-410-2151,031-410-2171,,37.32614156,126.8058862
안성시,노인돌봄기본서비스,안성시노인복지관,경기도 안성시 장기로 109,경기도 안성시 낙원동 68-24번지,17591,031-674-0794,031-674-0799,,37.00427564,127.2750373
평택시,노인돌봄기본서비스,안중소규모요양시설,경기도 평택시 안중읍 안중로 69,경기도 평택시 안중읍 안중리 256-10번지,17932,031-686-6884,031-686-6849,,36.98801813,126.9245798
양평군,노인돌봄기본서비스,양평군노인복지관,경기도 양평군 양평읍 양평대교길4번길 5,경기도 양평군 양평읍 양근리 272-2번지,12555,031-774-9751,031-774-9750,,37.48785659,127.4911154
여주시,노인돌봄기본서비스,여주시노인복지관,경기도 여주시 여흥로160번길 27,경기도 여주시 상동 352번지,12629,031-881-0050,031-881-0041,,37.29366128,127.6412156
양주시,노인돌봄기본서비스,열린노인복지센터,경기도 양주시 백석읍 고릉말로 26,경기도 양주시 백석읍 방성리 115-2번지 2층,11508,031-829-2091,031-829-2046,,37.80214186,127.0014853
하남시,노인돌봄기본서비스,영락재가노인지원서비스센터,경기도 하남시 안터로 29-16,경기도 하남시 풍산동 260번지,12984,031-793-9369,031-792-9367,,37.54648578,127.1860397
오산시,노인돌봄기본서비스,오산종합사회복지관,경기도 오산시 현충로 104,경기도 오산시 오산동 25번지,18131,031-378-2740,031-378-2742,,37.15936559,127.0777805
용인시,노인돌봄기본서비스,용인시수지노인복지관,경기도 용인시 수지구 포은대로 435,경기도 용인시 수지구 풍덕천동 720번지 수지복지센터,16835,031-270-0000,031-270-0001,,37.32209608,127.0974146
용인시,노인돌봄기본서비스,용인시처인노인복지관,경기도 용인시 처인구 중부대로 1199,경기도 용인시 처인구 삼가동 556번지,17019,031-324-9303,031-324-9306,,37.24076859,127.1774648
연천군,노인돌봄기본서비스,은혜마을,경기도 연천군 전곡읍 전은길 184-40,경기도 연천군 전곡읍 은대리 99-4번지,11025,031-835-8308,031-835-8305,,38.04411555,127.0789461
의왕시,노인돌봄기본서비스,의왕시아름채노인복지관,경기도 의왕시 문화공원로 47,경기도 의왕시 고천동 100번지,16077,031-427-0580,031-427-0581,,37.34275425,126.9724797
이천시,노인돌봄기본서비스,이천시노인종합복지관,경기도 이천시 남천로 31,경기도 이천시 중리동 187번지 봉합복지타운 본관 2층,17375,031-635-1504,031-8011-2330,,37.27796552,127.4411032
고양시,노인돌봄기본서비스,일산노인종합복지관,경기도 고양시 일산동구 호수로 731,경기도 고양시 일산동구 장항동 906번지,10400,031-919-8677,031-919-8678,,37.6577997,126.7634564
파주시,노인돌봄기본서비스,파주시노인복지관,경기도 파주시 가나무로 130,경기도 파주시 금릉동 428번지,10934,031-943-0730,031-943-0751,,37.75339669,126.7798745
수원시,노인돌봄기본서비스,팔달노인복지관,경기도 수원시 팔달구 수원천로 343,경기도 수원시 팔달구 북수동 274-7번지,16253,031-248-3800,031-248-3802,,37.28390253,127.0173045
평택시,노인돌봄기본서비스,평택노인복지센터,경기도 평택시 비전3로 15,경기도 평택시 비전동 301-23번지,17853,031-657-8072,031-652-7175,,37.00158167,127.1020607
포천시,노인돌봄기본서비스,포천시노인복지관,경기도 포천시 군내면 청성로 5,경기도 포천시 군내면 하성북리 520-1번지,11151,031-8083-7777,031-8083-3336,,37.90463712,127.2114384
화성시,노인돌봄기본서비스,화성서부노인복지관,경기도 화성시 남양읍 시청로 155,경기도 화성시 남양읍 남양리 2147번지,18274,031-8077-2605,031-8077-2607,,37.19885344,126.8289927
남양주시,노인돌봄종합서비스,"""8899""목천섬김",경기도 남양주시 오남읍 진건오남로 595-18,경기도 남양주시 오남읍 604번지 8호,12049,031-3815-8152,031-574-0152,,37.68663755,127.2100896
용인시,노인돌봄종합서비스,(0ne+)용인동천노인복지센터,경기도 용인시 수지구 동천로 375-10,경기도 용인시 수지구 동천동 609-5번지 101호,16802,031-896-1477,031-896-1487,,37.34297666,127.0639462
하남시,노인돌봄종합서비스,(A) 하모니 방문요양센터,경기도 하남시 신장로136번길 7,경기도 하남시 덕풍동 418-1번지 2층 202호,12969,031-793-6004,031-793-6090,,37.53881747,127.2032531
김포시,노인돌봄종합서비스,(A+)희망노인복지센터,경기도 김포시 양도로 18,경기도 김포시 풍무동 147번지 양도마을서해아파트 104동 304호,10114,031-997-6981,031-997-6982,,37.60517613,126.7234452
안양시,노인돌봄종합서비스,(사)경기봉사회부설노인돌봄센터,경기도 안양시 만안구 병목안로 6,경기도 안양시 만안구 안양동 782번지 6호 현진빌딩 2층,14001,031-446-4066,031-446-4063,,37.3996367,126.9194554
광주시,노인돌봄종합서비스,(주)광주돌봄,경기도 광주시 중앙로203번길 12,경기도 광주시 송정동 122-5번지 2층,12745,031-763-0768,031-762-0765,,37.41802926,127.2554255
부천시,노인돌봄종합서비스,(주)나눔과돌봄,경기도 부천시 석천로184번길 16,경기도 부천시 중동 1158-2번지,14547,032-323-9265,032-323-9972,,37.5035074,126.7636106
수원시,노인돌봄종합서비스,(주)다니엘노인복지센터,경기도 수원시 장안구 조원로50번길 22,경기도 수원시 장안구 조원동 519-38번지 2층,16280,031-251-8277,031-251-8276,,37.29834559,127.0201381
고양시,노인돌봄종합서비스,(주)대화노인종합복지센터,경기도 고양시 일산서구 강성로 271,경기도 고양시 일산서구 대화동 2206-1번지 대화씨티빌 205호,10381,031-923-1316,031-923-1333,,37.67707274,126.7469578
수원시,노인돌봄종합서비스,(주)돌봄세상,경기도 수원시 장안구 수성로 304,경기도 수원시 장안구 영화동 390-13번지 3층,16273,031-221-9238,031-221-9237,,37.29106653,127.0054532
오산시,노인돌봄종합서비스,(주)동부케어,경기도 오산시 오산로 329,경기도 오산시 궐동 67-11번지 안국 상가 102호,18115,031-225-7656,033-375-7508,,37.15583991,127.0668349
의정부시,노인돌봄종합서비스,(주)부모사랑,경기도 의정부시 의정로173번길 11,경기도 의정부시 가능동 680-6번지,11675,031-872-8505,031-879-1605,,37.74817991,127.0336535
광명시,노인돌봄종합서비스,(주)부모사랑노인복지센터,경기도 광명시 광명로 814,경기도 광명시 광명동 374-71번지 201호,14275,02-2614-0190,02-2613-0194,,37.4717928,126.8509036
구리시,노인돌봄종합서비스,(주)새이레,경기도 구리시 검배로47번길 12-25,경기도 구리시 수택동 507-17번지 2층,11931,031-529-1925,031-512-6591,,37.59733901,127.1455129
하남시,노인돌봄종합서비스,(주)샬롬재가복지센터,경기도 하남시 덕풍동로 53,경기도 하남시 덕풍동 303-1번지 샤론빌딩 201호,12936,031-796-5288,031-796-6488,,37.54740159,127.2045888
파주시,노인돌봄종합서비스,(주)수호천사,경기도 파주시 황골로 15,경기도 파주시 금촌동 235-1번지 주공프라자 205호,10926,031-957-8440,0505-957-8440,,37.75534224,126.7702913
안산시,노인돌봄종합서비스,(주)안산돌봄센터,경기도 안산시 상록구 광덕1로 369,경기도 안산시 상록구 이동 715-4번지 센타프라자 308호,15494,031-475-4833,031-406-2717,,37.30803373,126.8504104
안양시,노인돌봄종합서비스,(주)어르신세상동안센터,경기도 안양시 동안구 흥안대로 457,경기도 안양시 동안구 평촌동 87-3번지 2층,14058,031-426-1090,031-426-1096,,37.39477942,126.975169
구리시,노인돌봄종합서비스,(주)온케어구리,경기도 구리시 건원대로 36,경기도 구리시 인창동 670-7번지 화성골드프라자 6,11921,031-569-6697,031-629-6698,,37.60433662,127.1404302
용인시,노인돌봄종합서비스,(주)용인도우누리,경기도 용인시 기흥구 동백중앙로 191,"경기도 용인시 기흥구 중동 849-2번지 씨티프라자 603, 604호",17006,031-8005-8035,032-8005-8020,,37.2707976,127.1528544
의정부시,노인돌봄종합서비스,(주)의정부돌봄센터,경기도 의정부시 평화로 360,경기도 의정부시 호원동 430번지 우성3차아파트 상가 1층 117호,11706,031-826-2732,031-874-5119,,37.72346176,127.0487404
시흥시,노인돌봄종합서비스,(주)작은자리돌봄센터,경기도 시흥시 대은로 5,경기도 시흥시 대야동 558-4번지 대양빌딩 4층,14911,031-316-2732,031-313-0226,,37.43937586,126.7927421
고양시,노인돌봄종합서비스,(주)참사랑가정파견센터,경기도 고양시 덕양구 화중로 100,경기도 고양시 덕양구 화정동 968번지 비전타워 409호,10497,031-819-6999,031-965-4613,,37.6360515,126.8314004
화성시,노인돌봄종합서비스,(주)케어119돌봄센터,경기도 화성시 팔탄면 삼천병마로 518-10,경기도 화성시 팔탄면 가재리 304번지 2층,18533,031-8059-5424,031-8059-5427,,37.15536514,126.9282913
성남시,노인돌봄종합서비스,(주)한동네,경기도 성남시 중원구 산성대로 332,경기도 성남시 중원구 중앙동 307번지 5층,13248,070-7558-9129,031-736-0255,,37.4428004,127.1535134
파주시,노인돌봄종합서비스,(주)행복더하기,경기도 파주시 가나무로 143,경기도 파주시 금릉동 211-5번지 매트로프라자I 203호,10922,031-949-3670,031-945-8902,,37.75430896,126.7810972
하남시,노인돌봄종합서비스,114방문요양센터,경기도 하남시 신장1로21번길 9,경기도 하남시 신장동 442-26번지,12959,070-8162-4515,070-8161-9834,,37.53823933,127.2093615
남양주시,노인돌봄종합서비스,A+와부방문요양센터,경기도 남양주시 와부읍 덕소로 85,경기도 남양주시 와부읍 덕소리 474-10번지 2층,12209,031-521-1293,031-577-1293,,37.58650885,127.2122572
하남시,노인돌봄종합서비스,A+효사랑 노인복지센터,경기도 하남시 미사강변동로 85,경기도 하남시 망월동 1106번지 힐스테이트 에코 미사 623호,12913,031-792-6064,031-792-0320,,37.56239698,127.1918622
광명시,노인돌봄종합서비스,A공경효자손 노인복지센터,경기도 광명시 소하로 88,경기도 광명시 소하동 1341-3번지 청학프라자 6층 603호,14316,02-2618-3545,02-2689-3545,,37.44685435,126.8833195
부천시,노인돌봄종합서비스,YJ노인복지센터,경기도 부천시 부일로 496,경기도 부천시 심곡동 145-11번지 3층,14643,032-667-6273,032-614-2220,,37.48523195,126.7851853
평택시,노인돌봄종합서비스,㈜동부케어 평택지점,경기도 평택시 중앙로 29,경기도 평택시 통복동 84-3번지 스마일빌딩 4층,17894,031-657-7650,031-657-7640,,36.9952412,127.0863703
군포시,노인돌봄종합서비스,孝재가복지센터,경기도 군포시 군포로 554,경기도 군포시 당동 748-51번지 4층,15840,031-459-1377,031-459-1370,,37.35534119,126.9470674
고양시,노인돌봄종합서비스,가나노인요양센터,경기도 고양시 일산동구 노첨길 74,경기도 고양시 일산동구 장항동 615-3번지,10432,031-903-9135,031-907-9135,,37.6370253,126.7781834
여주시,노인돌봄종합서비스,가나안복지센터,경기도 여주시 점봉길 9,경기도 여주시 점봉동 173-1번지,12659,031-883-8004,031-885-3303,,37.25122178,127.648195
평택시,노인돌봄종합서비스,가은재가복지쎈터,경기도 평택시 자유로24번길 16,경기도 평택시 합정동 728-6번지,17909,031-656-9149,031-653-9149,,36.99313721,127.0925351
수원시,노인돌봄종합서비스,가인노인장기요양센터,경기도 수원시 장안구 장안로291번길 15,경기도 수원시 장안구 정자동 541-16번지,16336,031-257-2988,031-269-0087,,37.3070139,126.9891995
수원시,노인돌봄종합서비스,가장조은재가복지센터,경기도 수원시 장안구 창훈로39번길 12-3,경기도 수원시 장안구 연무동 215-30번지 102호,16215,031-252-2572,031-252-2573,,37.29612732,127.0295324
광주시,노인돌봄종합서비스,가정방문재가요양센터,경기도 광주시 문화로124번길 15-2,경기도 광주시 경안동 124-39번지 1층,12754,031-769-0683,031-768-0683,,37.41327775,127.2526986
파주시,노인돌봄종합서비스,가정복지행복센터,경기도 파주시 경의로 1799-1,경기도 파주시 금촌동 28-8번지,10854,031-949-3327,031-949-6670,,37.76722573,126.7748733
화성시,노인돌봄종합서비스,가족노인재가센터,경기도 화성시 비봉면 쌍학길 28,경기도 화성시 비봉면 쌍학리 216-9번지 1층 101호,18292,031-356-9362,031-356-9363,,37.24590183,126.8938265
고양시,노인돌봄종합서비스,가족사랑가정파견센터,경기도 고양시 덕양구 화중로104번길 30,경기도 고양시 덕양구 화정동 966번지 한성리츠빌 702호,10497,031-966-0067,031-963-3345,,37.6359369,126.8331454
연천군,노인돌봄종합서비스,가족사랑방문요양센터,경기도 연천군 전곡읍 전곡로 95,경기도 연천군 전곡읍 전곡리 266-38번지,11038,031-833-7744,031-833-6177,,38.02111992,127.0714173
구리시,노인돌봄종합서비스,가족사랑복지센터,경기도 구리시 건원대로34번길 19,경기도 구리시 인창동 672-4번지 세신훼미리타운 814호,11921,031-521-3455,031-569-3455,,37.60442572,127.141291
가평군,노인돌봄종합서비스,가평재가노인복지센터,경기도 가평군 가평읍 가화로 161,경기도 가평군 가평읍 읍내리 625-8번지 2층,12413,031-582-0729,031-581-0761,,37.83347967,127.5110479
오산시,노인돌봄종합서비스,감돌노인복지센터,경기도 오산시 오산로290번길 12,경기도 오산시 오산동 845-1번지 2층,18136,031-374-5004,031-374-5046,,37.15258549,127.069804
광주시,노인돌봄종합서비스,경기광주재가복지센터,경기도 광주시 역동로90번길 10,경기도 광주시 역동 134-70번지 1층 101호,12778,031-769-2017,031-769-2018,,37.40133619,127.2542288
군포시,노인돌봄종합서비스,경기노인복지센터,경기도 군포시 광정로 122,경기도 군포시 산본동 1120번지 주몽아파트 상가 201호,15824,031-399-8893,031-399-5394,,37.36327765,126.9280634
의정부시,노인돌봄종합서비스,경기북부 의정부 방문요양센터,경기도 의정부시 금신로 319,경기도 의정부시 신곡동 519-10번지 4층,11741,031-840-1900,031-840-1904,,37.74462824,127.0622097
수원시,노인돌봄종합서비스,경기실버빌종합재가센터,경기도 수원시 팔달구 인계로 80,경기도 수원시 팔달구 인계동 977-2번지 한우리빌딩 4층 401호,16480,031-893-6588,031-6599-6599,,37.26821423,127.0261403
김포시,노인돌봄종합서비스,경기엔젤스재가복지센터,경기도 김포시 돌문로 48,경기도 김포시 사우동 944번지 한솔프라자 701호,10108,031-984-0078,031-984-0078,,37.61932641,126.7180007
군포시,노인돌봄종합서비스,경기효사랑재가복지센터,경기도 군포시 당산로7번길 2,경기도 군포시 당동 774-10번지 104호,15859,031-461-3122,031-477-3122,,37.35236643,126.9441464
부천시,노인돌봄종합서비스,경인노인복지센터,경기도 부천시 길주로 319,경기도 부천시 중동 1079-3번지 골든타워 5층,14534,032-326-6080,032-326-6081,,37.5032024,126.7780535
안산시,노인돌봄종합서비스,고수련요양원한대앞역점(단기보호센터),경기도 안산시 상록구 양지편로 28,경기도 안산시 상록구 이동 715-7번지 진성프라자 601호,15494,031-419-2570,031-408-2572,,37.30875465,126.8504879
고양시,노인돌봄종합서비스,고양노인복지센터,경기도 고양시 덕양구 능곡로 7,경기도 고양시 덕양구 토당동 343-1번지 삼준빌딩 4층 402호,10508,031-970-0369,031-970-0414,,37.62135769,126.8200957
고양시,노인돌봄종합서비스,고양지역자활센터,경기도 고양시 일산서구 하이파크3로 75,경기도 고양시 일산서구 덕이동 1537번지,10235,031-968-8378,031-968-8380,,37.69826664,126.7526791
여주시,노인돌봄종합서비스,고운재가복지센터,경기도 여주시 가남읍 경충대로 1472-19,경기도 여주시 가남읍 신해리 632번지 현진에버빌1차 104동 103호,12655,031-894-8123,031-894-8121,,37.21701934,127.5338214
과천시,노인돌봄종합서비스,과천시노인복지관,경기도 과천시 문원로 57,경기도 과천시 문원동 15번지 168호,13828,02-502-8500,02-502-8522,,37.42807486,127.0043055
광주시,노인돌봄종합서비스,광주노인건강복지센터,경기도 광주시 문화로 120,경기도 광주시 경안동 125-8번지 2층,12754,031-761-8925,031-765-2321,,37.41372188,127.2514462
광주시,노인돌봄종합서비스,광주사랑재가복지센터,경기도 광주시 광주대로105번길 19,경기도 광주시 송정동 105-3번지,12743,031-767-1255,031-767-8253,,37.41588876,127.2578131
광주시,노인돌봄종합서비스,광주재가노인복지센터,경기도 광주시 경충대로1460번길 3,경기도 광주시 쌍령동 188번지 203호,12791,031-797-0334,031-797-0337,,37.40014163,127.2729498
광주시,노인돌봄종합서비스,광주재가노인지원서비스센터,경기도 광주시 초월읍 경충대로1284번길 41-15,경기도 광주시 초월읍 대쌍령리 154-16번지,12735,031-766-9615,031-522-0558,,37.39117201,127.290195
구리시,노인돌봄종합서비스,구리재가노인지원서비스센터,경기도 구리시 장자대로111번길 66,경기도 구리시 토평동 959번지 상가동 202호,11947,031-556-8101,031-556-8102,,37.58856322,127.1457339
구리시,노인돌봄종합서비스,구리참사랑노인복지센터,경기도 구리시 딸기원로24번길 5-8,경기도 구리시 교문동 328번지 62호,11950,031-564-6601,031-564-6602,,37.60272802,127.1198736
군포시,노인돌봄종합서비스,군포사랑의손길 노인복지센터,경기도 군포시 군포로 444,경기도 군포시 당동 872번지 서일빌딩 4층,15875,031-398-0123,031-398-0125,,37.34611248,126.9423681
군포시,노인돌봄종합서비스,군포케어119재가장기요양기관,경기도 군포시 당산로172번길 4,경기도 군포시 금정동 731-1번지 103호,15812,031-452-7919,031-427-0557,,37.36603402,126.9425666
광명시,노인돌봄종합서비스,글로벌복지센터,경기도 광명시 금하로 539,경기도 광명시 소하동 34-45번지 국일빌딩 4층,14314,02-898-1112,02-895-5200,,37.45160186,126.8917655
화성시,노인돌봄종합서비스,기쁨케어복지센터,경기도 화성시 병점1로 216-21,경기도 화성시 병점동 845-1번지 e-TOWN3 403호,18405,031-233-4205,031-233-4206,,37.21446265,127.0443636
김포시,노인돌봄종합서비스,김포시노인복지센터,경기도 김포시 사우중로74번길 48,경기도 김포시 사우동 865번지,10111,031-996-3925,031-997-9338,,37.62219345,126.7225773
의정부시,노인돌봄종합서비스,나눔과 섬김의 센터,,경기도 의정부시 신곡동 432-69번지 2동,11735,031-846-1334,031-846-1335,,37.73426901,127.0585939
양평군,노인돌봄종합서비스,나눔과채움복지센터,경기도 양평군 지평면 고재길 154-1,경기도 양평군 지평면 수곡리 199-1번지,12544,031-772-3321,031-774-9039,,37.43089801,127.6040781
의왕시,노인돌봄종합서비스,나눔의왕파견센터,경기도 의왕시 내손순환로 7,경기도 의왕시 내손동 842번지 래미안 에버하임 상가 B동 103호,16024,031-425-1777,031-426-9112,,37.38803116,126.9765378
남양주시,노인돌봄종합서비스,남양주시동부노인복지관,,경기도 남양주시 수동면 361번지,12031,031-559-5880,031-559-5883,,37.70971791,127.3204294
남양주시,노인돌봄종합서비스,남양주햇빛노인복지센터,경기도 남양주시 홍유릉로248번길 39,경기도 남양주시 금곡동 651-1번지 다남프라자 416호,12239,031-592-0694,031-592-0693,,37.62727686,127.2025048
동두천시,노인돌봄종합서비스,내고향방문요양센터,경기도 동두천시 생골로 5,경기도 동두천시 생연동 419번지,11317,031-859-5600,031-859-5700,,37.90026805,127.0584573
여주시,노인돌봄종합서비스,늘사랑노인복지센터,경기도 여주시 강천면 원양1로 774,경기도 여주시 강천면 도전리 689-1번지,12617,031-886-1015,031-882-1015,,37.34162778,127.7523477
화성시,노인돌봄종합서비스,다사랑노인요양재가센터,경기도 화성시 서신면 영종이길 72-25,경기도 화성시 서신면 용두리 150-3번지,18556,031-356-6203,031-357-6417,,37.14174786,126.7147028
화성시,노인돌봄종합서비스,다사랑주간보호센터,경기도 화성시 효행로 223,경기도 화성시 기안동 333-6번지 대원빌딩 4층,18337,031-232-0200,031-232-0201,,37.22785525,126.9719287
성남시,노인돌봄종합서비스,다살림재가노인복지센터,경기도 성남시 분당구 내정로113번길 4,경기도 성남시 분당구 정자동 54-1번지 판교시장 404호,13609,031-713-9001,031-713-9052,,37.37059166,127.1147707
군포시,노인돌봄종합서비스,다소미노인방문요양기관,,경기도 군포시 산본동 1147번지 금강2단지주상복합아파트 제AB동 지하층 35호,15822,031-393-1858,031-393-1855,,37.3607782,126.9225123
의왕시,노인돌봄종합서비스,다솜노인복지센,경기도 의왕시 포일로 17,경기도 의왕시 내손동 401-1번지 세양청마루 101동 7층 703호,16023,070-7568-7576,031-423-7579,,37.38881465,126.9748099
의정부시,노인돌봄종합서비스,다솜노인복지센터(돌봄),경기도 의정부시 경의로85번길 22,경기도 의정부시 의정부동 579번지 신한주택(7차) 103호,11652,031-853-9994,031-826-9910,,37.73395932,127.0449919
김포시,노인돌봄종합서비스,다솜요양복지센터,경기도 김포시 통진읍 김포대로 2034,경기도 김포시 통진읍 도사리 510-3번지,10017,031-988-9225,031-988-9226,,37.68334487,126.6181193
평택시,노인돌봄종합서비스,다올의료소비자생활협동조합,경기도 평택시 안중읍 안현로 362,경기도 평택시 안중읍 송담리 832-1번지,17941,031-684-2855,031-684-2854,,36.98243426,126.9289098
광주시,노인돌봄종합서비스,다정한우리재가복지센터,경기도 광주시 중앙로 303,경기도 광주시 송정동 329-1번지 경안빌딩 101호,12739,031-761-2723,031-797-2110,,37.42658529,127.2570585
안산시,노인돌봄종합서비스,단원구노인복지관,경기도 안산시 단원구 선부광장1로 134,경기도 안산시 단원구 선부동 1077-9번지,15368,031-405-1188,031-405-8345,,37.3321411,126.8106097
연천군,노인돌봄종합서비스,더-헤아림재가노인복지센터,경기도 연천군 전곡읍 양연로 1588,경기도 연천군 전곡읍 전곡리 296-6번지,11027,031-832-0031,031-835-0053,,38.0207262,127.0666453
동두천시,노인돌봄종합서비스,더드림돌봄종합센터,경기도 동두천시 어수로 101,경기도 동두천시 생연동 670-25번지,11330,031-857-2002,031-859-0604,,37.90241435,127.0538654
평택시,노인돌봄종합서비스,더사랑노인재가복지센터,경기도 평택시 서탄면 마두2길 114,경기도 평택시 서탄면 마두리 64-297번지,17702,031-611-6500,031-611-6502,,37.10626137,127.024707
안양시,노인돌봄종합서비스,도우누리안양돌봄센터,경기도 안양시 만안구 현충로 56-1,경기도 안양시 만안구 안양동 469-23번지 도우누리안양돌봄센터 2층,14030,031-465-1595,031-464-1591,,37.39049539,126.9252359
안양시,노인돌봄종합서비스,돌봄재가장기요양센터,경기도 안양시 만안구 안양로 461,경기도 안양시 만안구 석수동 317-6번지 501호,13970,031-472-0651,031-472-0657,,37.41088391,126.9108697
동두천시,노인돌봄종합서비스,동두천사랑노인돌봄서비스센터,경기도 동두천시 평화로2397번길 51,경기도 동두천시 생연동 637-4번지,11316,031-864-7456,031-868-7456,,37.90293529,127.0574246
화성시,노인돌봄종합서비스,동부케어,경기도 화성시 병점중앙로 155,경기도 화성시 진안동 514-2번지 렉스몰 501호,18401,031-225-7656,031-222-7646,,37.21132907,127.0380869
의정부시,노인돌봄종합서비스,"동부케어,동부방문요양센터",경기도 의정부시 녹양로62번길 46,경기도 의정부시 녹양동 344번지,11613,031-826-2411,031-826-2412,,37.75636915,127.0352683
고양시,노인돌봄종합서비스,동산홈케어,경기도 고양시 일산동구 문원길102번길 113,경기도 고양시 일산동구 설문동 74-1번지,10254,070-4116-4496,031-967-4494,,37.71915385,126.8235645
화성시,노인돌봄종합서비스,동탄선한노인복지센터,경기도 화성시 동탄반석로 196,경기도 화성시 반송동 88-13번지 아이프라자 702호,18453,031-613-3713,031-613-8267,,37.20602482,127.0723857
동두천시,노인돌봄종합서비스,동행장애인활동지원센터,경기도 동두천시 중앙로 297,경기도 동두천시 생연동 611-4번지 한웅프라자 2층 202-2호,11328,031-868-0420,031-867-5444,,37.90804501,127.0542332
포천시,노인돌봄종합서비스,동행주야간돌봄센터,경기도 포천시 신북면 청신로 2076-1,경기도 포천시 신북면 신평리 605-8번지,11138,031-533-6300,031-533-6399,,37.93710048,127.2197658
구리시,노인돌봄종합서비스,두레방문요양센터,경기도 구리시 아차산로 499,경기도 구리시 교문동 282-1번지 중앙하이츠티움 B동 201호,11952,031-554-5462,031-551-5461,,37.59968114,127.1301056
의정부시,노인돌봄종합서비스,두리재가돌봄센터(종합),경기도 의정부시 범골로29번길 34,경기도 의정부시 호원동 401-1번지 신도6차아파트 상가동 210호,11634,031-875-0165,031-875-2505,,37.7267898,127.0386016
광주시,노인돌봄종합서비스,따스한노인주야간보호센터,경기도 광주시 통미로16번길 2,경기도 광주시 송정동 100-8번지,12743,031-766-2535,031-466-2536,,37.41425602,127.2586999
평택시,노인돌봄종합서비스,로뎀재가요양센터,경기도 평택시 탄현로 57,경기도 평택시 서정동 427-15번지 2층,17779,031-668-6390,031-668-6392,,37.05756843,127.0535646
용인시,노인돌봄종합서비스,루터대학교용인노인복지센터,경기도 용인시 기흥구 금화로82번길 20,경기도 용인시 기흥구 상갈동 17번지,17072,031-283-6336,031-283-1733,,37.26502114,127.1125513
안성시,노인돌봄종합서비스,마춤케어방문요양센터,경기도 안성시 중앙로367번길 70,경기도 안성시 금산동 137-3번지,17580,070-7608-0505,050-4886-0404,,37.01068661,127.2691276
김포시,노인돌봄종합서비스,만나요양복지센터,경기도 김포시 김포대로 1425,경기도 김포시 장기동 1339번지 청송마을현대아파트 302호,10080,031-984-0092,031-987-7977,,37.65054899,126.6712521
용인시,노인돌봄종합서비스,명가시니어케어,경기도 용인시 기흥구 용구대로2152번길 2,경기도 용인시 기흥구 신갈동 1번지 자유빌딩 106호,16965,031-285-0772,031-285-0774,,37.27940737,127.1060773
수원시,노인돌봄종합서비스,명은돌봄종합센터,경기도 수원시 장안구 대평로 128,경기도 수원시 장안구 정자동 266-3번지 파크프라자 201호,16339,031-268-9139,031-268-1332,,37.29904004,126.991062
고양시,노인돌봄종합서비스,명지노인돌봄센터,경기도 고양시 일산동구 중앙로 1047,경기도 고양시 일산동구 백석동 1331번지 영림브레아 520호,10447,070-8161-6195,031-696-6196,,37.64302454,126.7871844
양주시,노인돌봄종합서비스,무지개노인돌봄센터,경기도 양주시 부흥로 2118-1,경기도 양주시 삼숭동 653-8번지 2층,11485,031-846-1011,031-846-1017,,37.80556052,127.0896813
남양주시,노인돌봄종합서비스,무한케어노인복지센터,경기도 남양주시 오남읍 진건오남로759번길 110,경기도 남양주시 오남읍 오남아이파크아파트 104동 101호,12044,031-577-0940,031-528-9288,,37.69624874,127.2008074
화성시,노인돌봄종합서비스,미리내 재가복지센터,경기도 화성시 서신면 매화2길 2,경기도 화성시 서신면 매화리 365-1번지,18555,031-356-9981,031-356-9949,,37.1687178,126.7044784
안양시,노인돌봄종합서비스,미소재가장기요양센터,경기도 안양시 만안구 안양로 332,경기도 안양시 만안구 안양동 689-112번지 502호,13991,031-445-9948,031-445-9949,,37.40135766,126.9195099
의정부시,노인돌봄종합서비스,밀알요양방문지원센터,경기도 의정부시 망월로28번길 5,경기도 의정부시 호원동 119-52번지 2층,11645,031-878-3363,031-878-3329,,37.70718277,127.0451015
안양시,노인돌봄종합서비스,박달재가장기요양센터,경기도 안양시 만안구 박달로 475,경기도 안양시 만안구 박달동 137-7번지 106호,13982,031-447-9911,031-447-9914,,37.40255429,126.9054813
안양시,노인돌봄종합서비스,방문천사비지팅엔젤스안양동안지점,경기도 안양시 동안구 평촌대로 358,경기도 안양시 동안구 비산동 1033번지 두진빌딩 4층 402호,13941,031-421-4664,031-421-4884,,37.40269072,126.9500366
동두천시,노인돌봄종합서비스,방주방문요양센터,경기도 동두천시 동두천로 267,경기도 동두천시 생연동 644-1번지,11329,031-863-5003,031-864-5003,,37.90513452,127.0553113
연천군,노인돌봄종합서비스,백세재가복지센터,경기도 연천군 전곡읍 밤골로 6,경기도 연천군 전곡읍 전곡리 704번지,11031,031-832-7617,031-833-7617,,38.01686803,127.070696
부천시,노인돌봄종합서비스,베셀노인방문요양센터,경기도 부천시 부천로476번가길 75,경기도 부천시 오정동 556-30번지,14436,032-242-9000,032-674-9001,,37.52864381,126.7863489
용인시,노인돌봄종합서비스,볕뉘재가노인복지센터,경기도 용인시 기흥구 동백중앙로 225-6,경기도 용인시 기흥구 중동 842번지 쥬네브스타월드빌딩 가동 155호,17006,031-679-0088,031-679-0884,,37.27390956,127.1501321
포천시,노인돌봄종합서비스,보금자리방문요양센터,경기도 포천시 소흘읍 솔모루로 15,경기도 포천시 소흘읍 송우리 505-17번지 5층 503호,11178,031-542-6675,031-542-6673,,37.82472744,127.1420535
시흥시,노인돌봄종합서비스,보살핌재가노인복지센터,경기도 시흥시 시흥대로 1079-1,경기도 시흥시 신천동 883-4번지 2~3층,14951,031-404-1339,031-435-0772,,37.43223992,126.7927394
김포시,노인돌봄종합서비스,복바다방문요양센터,경기도 김포시 양도로 18,경기도 김포시 풍무동 147번지 양도마을서해아파트 106동 12층 1204호,10114,031-998-3799,031-983-3799,,37.60619818,126.7251174
김포시,노인돌봄종합서비스,복지콜원스톱노인센터,경기도 김포시 김포한강4로 531,경기도 김포시 구래동 6879-2번지 제이스프라자 501동,10071,031-997-3119,031-997-8887,,37.64551715,126.624841
남양주시,노인돌봄종합서비스,봄나래방문요양센터,경기도 남양주시 수동면 지둔로445번길 11,경기도 남양주시 수동면 지둔리 202번지,12028,031-563-2107,031-511-2107,,37.72213459,127.3026521
군포시,노인돌봄종합서비스,봄빛재가노인복지센터,경기도 군포시 대야1로 8,경기도 군포시 대야미동 657-1번지 대성프라자 303호,15887,031-409-0057,031-409-0058,,37.32695118,126.9184301
고양시,노인돌봄종합서비스,봄재가노인복지센터,경기도 고양시 덕양구 무원로6번길 61,"경기도 고양시 덕양구 행신동 713-1번지 지엘프라자 201,202호",10523,031-978-4123,031-978-4124,,37.61461087,126.8331486
수원시,노인돌봄종합서비스,부모사랑돌봄복지센터,경기도 수원시 장안구 화산로233번길 12,경기도 수원시 장안구 율전동 295번지 율전치과 301호,16360,031-268-2375,031-227-2381,,37.29909025,126.9704784
부천시,노인돌봄종합서비스,부천노인복지센터,경기도 부천시 부흥로 256,"경기도 부천시 중동 1208번지 계남아카데미빌딩 301,302,303호",14610,032-613-7002,032-613-7004,,37.49492623,126.7707734
성남시,노인돌봄종합서비스,분당노인복지센터,경기도 성남시 분당구 느티로 73,경기도 성남시 분당구 정자동 65-5번지 현대상가 B104호,13610,031-711-1919,031-714-4789,,37.36872849,127.1127133
성남시,노인돌봄종합서비스,브니엘재가노인복지센터,경기도 성남시 수정구 수정로 202,경기도 성남시 수정구 신흥동 5493-1번지,13338,031-757-3969,031-759-3969,,37.44371527,127.1422036
용인시,노인돌봄종합서비스,브니엘재가복지센터,경기도 용인시 처인구 유림로256번길 27-20,경기도 용인시 처인구 유방동 967-7번지 102호,17016,031-335-1286,031-335-1283,,37.26093473,127.1827645
광명시,노인돌봄종합서비스,비지팅엔젤스 광명,경기도 광명시 시청로 7,경기도 광명시 철산동 219-1번지 에이스텔 807호,14222,02-2682-7878,02-2681-7676,,37.47757417,126.8630452
포천시,노인돌봄종합서비스,사랑나눔주간보호센터,경기도 포천시 이동면 화동로 2065,경기도 포천시 이동면 장암리 242-13번지,11111,070-8958-6822,031-536-6822,,38.03195722,127.3661682
광주시,노인돌봄종합서비스,사랑노인요양방문센터,경기도 광주시 경충대로1422번길 11-1,경기도 광주시 쌍령동 347-1번지 302호,12792,031-798-0501,031-798-0509,,37.39758483,127.2759786
화성시,노인돌봄종합서비스,사랑샘재가노인복지센터,경기도 화성시 정남면 만년로 549-3,경기도 화성시 정남면 괘랑리 1048-3번지 3,18516,031-8047-0220,031-8047-0278,,37.17000191,126.9831217
군포시,노인돌봄종합서비스,사랑샘종합복지센터,경기도 군포시 금산로 112,경기도 군포시 산본동 206-3번지 6층,15806,031-399-6265,031-399-6263,,37.37172506,126.9362851
남양주시,노인돌봄종합서비스,사랑이가득한요양원,경기도 남양주시 화도읍 수레로961번길 31,경기도 남양주시 화도읍 차산리 776-1번지,12198,031-593-7510,031-593-7512,,37.6345866,127.2924097
의왕시,노인돌봄종합서비스,사랑채재가노인복지센터,,경기도 의왕시 내손동 109 (내손동),16015,031-425-3676,031-425-3677,,37.36955395,126.9931958
여주시,노인돌봄종합서비스,사마리안 재가장기요양센터,경기도 여주시 세종로 319-1,경기도 여주시 교동 45-20번지 1층 1-4호,12651,031-886-9104,031-886-9108,,37.26902558,127.6382455
성남시,노인돌봄종합서비스,사회적협동조합 성남만남돌봄센터,경기도 성남시 수정구 산성대로405번길 11,경기도 성남시 수정구 단대동 165-3번지 4층,13147,031-748-3503,031-745-5120,,37.44852647,127.1568474
양주시,노인돌봄종합서비스,사회적협동조합 양주도우누리,경기도 양주시 평화로 1426,경기도 양주시 덕계동 420-9번지 영토B/D 8층 801호,11444,031-859-9666,031-865-0551,,37.81803559,127.0462094
남양주시,노인돌봄종합서비스,사회적협동조합 일과나눔 도우누리,경기도 남양주시 경춘로 997,경기도 남양주시 금곡동 158번지 14호 만복빌딩 1층,12237,031-559-3505,031-559-3544,,37.63494541,127.2121665
안산시,노인돌봄종합서비스,사회적협동조합양지돌봄,경기도 안산시 단원구 인현중앙길 29,경기도 안산시 단원구 고잔동 664번지 제사동 제2층 제203-2호,15345,031-405-7840,031-410-7840,,37.32400236,126.8203784
용인시,노인돌봄종합서비스,삼성효재가복지센터,경기도 용인시 기흥구 구갈로28번길 12,경기도 용인시 기흥구 구갈동 385번지 풍림아파트 103동 110호,16974,031-287-8526,031-287-8522,,37.27695895,127.1134255
포천시,노인돌봄종합서비스,새말교회돌봄센터,경기도 포천시 신북면 청신로1196번길 7,경기도 포천시 신북면 갈월리 241-1번지,11137,031-535-6538,031-535-3301,,37.95323637,127.1495547
용인시,노인돌봄종합서비스,새희망재가복지센터,경기도 용인시 처인구 이동읍 경기동로 718,경기도 용인시 처인구 이동읍 송전리 614-4번지 2호,17136,031-321-5004,031-335-7879,,37.13742214,127.1987346
가평군,노인돌봄종합서비스,샬롬재가요양센,경기도 가평군 설악면 신천중앙로 120,경기도 가평군 설악면 신천리 435-3번지 2층,12465,031-584-4697,031-584-4688,,37.67814417,127.4905572
구리시,노인돌봄종합서비스,서문재가복지센터,경기도 구리시 경춘로242번길 21,경기도 구리시 수택동 527-5번지 3층,11929,031-555-2455,031-555-2454,,37.60072942,127.1432319
이천시,노인돌봄종합서비스,서연복지센터,경기도 이천시 모가면 진상미로 1324,경기도 이천시 모가면 진가리 157-1번지,17408,031-638-1238,031-638-1237,,37.17425972,127.4801049
평택시,노인돌봄종합서비스,선한이웃노인주간보호쎈터,경기도 평택시 청북읍 고잔6길 119-59,경기도 평택시 청북읍 고잔리 952-2번지,17800,031-683-3479,031-868-5576,,37.04173608,126.8966596
여주시,노인돌봄종합서비스,선한이웃복지센터,경기도 여주시 우암로 190,경기도 여주시 월송동 127-9번지 월송마을 한성아파트 상가동 2층 205호,12644,031-884-1990,031-884-1996,,37.28794205,127.6186926
화성시,노인돌봄종합서비스,선한이웃재가복지센터,경기도 화성시 동탄지성로 294,경기도 화성시 기산동 468번지 행복마을 울트라참누리아파트2단지 201동 15층 1501호,18385,031-223-5937,031-8081-9595,,37.22012697,127.0526591
남양주시,노인돌봄종합서비스,선한이웃재가복지센터,경기도 남양주시 평내로29번길 41,경기도 남양주시 평내동 578-3번지 6층 604-2호,12223,031-571-6177,050-5055-5177,,37.6453361,127.2349138
가평군,노인돌봄종합서비스,설악참사랑방문요양센터,경기도 가평군 설악면 신천중앙로120번길 6-70,경기도 가평군 설악면 신천리 413-9번지 설악헬스클럽 101호,12465,031-584-5521,031-584-5529,,37.67792265,127.4918367
여주시,노인돌봄종합서비스,섬김재가복지센터,경기도 여주시 소양로 69,경기도 여주시 창동 143-33번지,12627,031-883-2462,031-883-2463,,37.29341047,127.6325297
안양시,노인돌봄종합서비스,성결재가노인지원서비스센터,경기도 안양시 동안구 경수대로 938,경기도 안양시 동안구 비산동 554-15번지 606호,13925,031-425-6828,031-421-0365,,37.3990238,126.933031
성남시,노인돌봄종합서비스,성남서로사랑노인복지센터,경기도 성남시 중원구 도촌로8번길 11,경기도 성남시 중원구 도촌동 580번지 씨엔씨프라자 4층 404호,13426,031-744-9544,031-778-6544,,37.4149169,127.151492
성남시,노인돌봄종합서비스,성남시노인보건센터,경기도 성남시 중원구 금상로 137,경기도 성남시 중원구 상대원동 269-10번지,13200,031-739-3003,031-739-3900,,37.44188545,127.1705633
성남시,노인돌봄종합서비스,성남재가노인복지센터,경기도 성남시 중원구 박석로80번길 10,경기도 성남시 중원구 상대원동 870번지,13235,031-747-1886,031-731-0371,,37.43988236,127.1661746
연천군,노인돌봄종합서비스,성모방문요양센터,경기도 연천군 전곡읍 평화로 631,경기도 연천군 전곡읍 전곡리 483-20번지 101호,11027,031-832-8000,031-832-8112,,38.0263124,127.0656479
안성시,노인돌봄종합서비스,성모실버케어,경기도 안성시 시장길 69,경기도 안성시 동본동 77-1번지,17592,031-676-3252,031-676-3253,,37.00627496,127.271539
군포시,노인돌봄종합서비스,성민재가노인복지센터,경기도 군포시 군포로 487,경기도 군포시 당동 785-16번지 동영프라자 502호,15861,031-397-2020,031-397-2021,,37.34992462,126.9440354
김포시,노인돌봄종합서비스,성실케어복지센터,경기도 김포시 양촌읍 양곡1로 55,경기도 김포시 양촌읍 양곡리 432-1번지 2층,10059,031-998-0851,050-4008-9740,,37.65543123,126.6231136
가평군,노인돌봄종합서비스,성심재가복지센터,경기도 가평군 상면 원흥길 14,경기도 가평군 상면 원흥리 225-5번지,12442,031-585-0263,031-585-5780,,37.8189005,127.3282901
안산시,노인돌봄종합서비스,성은노인돌봄서비스,경기도 안산시 상록구 건건5길 6,경기도 안산시 상록구 건건동 665번지 서해아파트 상가동 206호,15521,031-438-8080,031-438-8100,,37.30573048,126.904625
여주시,노인돌봄종합서비스,세종재가복지센터,경기도 여주시 점동면 청안로 124-1,경기도 여주시 점동면 청안리 128-4번지,12667,031-882-5634,031-884-5634,,37.20548287,127.6618635
여주시,노인돌봄종합서비스,세천사재가복지센터,경기도 여주시 점동면 청안로 127-1,경기도 여주시 점동면 청안리 126-7번지,12667,031-881-4220,031-881-4202,,37.20592485,127.6617772
파주시,노인돌봄종합서비스,소망재가복지센터,경기도 파주시 조리읍 봉천로 54,경기도 파주시 조리읍 봉일천리 204-21번지 2층 층,10937,031-949-2548,031-949-2549,,37.74392898,126.8058961
의정부시,노인돌봄종합서비스,송산방문요양센터,경기도 의정부시 시민로 269,경기도 의정부시 신곡동 143-1번지 장령상가 205호,11748,031-856-9546,031-856-9547,,37.73682484,127.0644044
용인시,노인돌봄종합서비스,송원재가복지센터,경기도 용인시 처인구 백옥대로 1137,경기도 용인시 처인구 김량장동 140-24번지 4층,17052,031-335-8276,031-335-8273,,37.23699782,127.208323
성남시,노인돌봄종합서비스,수원시재가지원센터,,경기도 수원시 팔달구 우만동 6 (우만동),,031-218-7813,031-218-7819,,,
수원시,노인돌봄종합서비스,수원지역자활센터,경기도 수원시 팔달구 권선로 733,경기도 수원시 팔달구 인계동 1135번지 LD그린토피아 4층 401호,16491,031-232-0179,031-223-0179,,37.25815752,127.0316946
용인시,노인돌봄종합서비스,스마일재가센터,경기도 용인시 처인구 양지면 양지로119번길 8-5,경기도 용인시 처인구 양지면 양지리 628-7번지 1층,17158,031-323-1003,031-323-1013,,37.23513455,127.2822544
광주시,노인돌봄종합서비스,시니어돌봄재가복지센터,경기도 광주시 광주대로97번길 16,경기도 광주시 송정동 103-6번지,12743,031-797-2250,031-769-2251,,37.41536503,127.2583422
의정부시,노인돌봄종합서비스,시민노인복지센터,경기도 의정부시 가능로 27,경기도 의정부시 가능동 677-5번지 5층,11675,031-873-3685,031-873-3678,,37.74668423,127.0339933
평택시,노인돌봄종합서비스,시민재가복지쎈터,경기도 평택시 서정역로 15-2,경기도 평택시 서정동 339-8번지,17783,031-667-2161,031-662-2161,,37.0555673,127.0553396
시흥시,노인돌봄종합서비스,시흥재가노인통합지원센터,경기도 시흥시 오동마을로6번안길 34,경기도 시흥시 정왕동 2323-10번지 금강빌딩 4층,15049,031-431-0137,031-497-0400,,37.35136224,126.7455282
용인시,노인돌봄종합서비스,신경옥 요양센터,경기도 용인시 처인구 중부대로 1522,경기도 용인시 처인구 마평동 602-3번지 2층,17145,031-338-5038,031-338-5037,,37.23277247,127.2131796
여주시,노인돌봄종합서비스,신륵노인복지센터,경기도 여주시 신륵로 112-30,경기도 여주시 천송동 298-5번지,12636,031-885-5275,031-885-5274,,37.29955252,127.6595817
의정부시,노인돌봄종합서비스,실버빛복지센터,경기도 의정부시 시민로 251,경기도 의정부시 신곡동 456번지 신곡신일유토빌1차아파트 208호,11748,031-856-1432,031-844-1432,,37.73662788,127.0619537
이천시,노인돌봄종합서비스,실버사랑바우처,경기도 이천시 애련정로145번길 15,경기도 이천시 창전동 452-1번지,17363,031-637-6714,031-633-0685,,37.28329703,127.4490161
의정부시,노인돌봄종합서비스,아가페실버케어센터,경기도 의정부시 충의로 43,경기도 의정부시 용현동 17번지 태원빌딩 302호,11789,031-851-8156,031-851-8155,,37.73565731,127.0874782
평택시,노인돌봄종합서비스,아승방문요양센터,경기도 평택시 평택5로 254,경기도 평택시 비전동 800번지 한성상가2층 201호,17881,031-653-1377,031-691-1377,,37.00024195,127.0985538
안산시,노인돌봄종합서비스,안산의료복지 사회적협동조합 장애인활동지원기관,경기도 안산시 상록구 예술광장1로 46,경기도 안산시 상록구 월피동 445-18번지 로얄프라자 504호,15288,031-365-3633,031-411-8333,,37.3292842,126.846881
안성시,노인돌봄종합서비스,안성농협재가노인복지센터,경기도 안성시 중앙로372번길 26,경기도 안성시 석정동 286-1번지,17581,031-674-3302,031-671-1863,,37.00669022,127.2671812
안성시,노인돌봄종합서비스,안성맞춤지역자활센터,경기도 안성시 중앙로 327,경기도 안성시 석정동 63-1번지 한경대학교 산학협력관 508호,17579,031-674-1657,031-672-5057,,37.01202301,127.2637951
안양시,노인돌봄종합서비스,안양시노인종합복지관병설주간보호,,경기도 안양시 동안구 호계동 74-30 (호계동),,031-455-0651,031-455-0553,,,
평택시,노인돌봄종합서비스,안중소규모요양시설,경기도 평택시 안중읍 안중로 69,경기도 평택시 안중읍 안중리 256-10번지,17932,031-686-6884,031-686-6849,,36.98801813,126.9245798
양주시,노인돌봄종합서비스,양주다사랑재가노인지원서비스센터,경기도 양주시 화합로1402번길 16,경기도 양주시 덕정동 218-29번지 1층,11451,031-863-9004,031-863-5800,,37.84056016,127.0642291
용인시,노인돌봄종합서비스,양지재가복지센터,경기도 용인시 처인구 양지면 교동로18번길 7,경기도 용인시 처인구 양지면 양지리 368-4번지,17158,031-333-2428,031-323-2429,,37.23677585,127.2854497
양평군,노인돌봄종합서비스,양평군종합사회복지관,경기도 양평군 용문면 용문역길 67,경기도 양평군 용문면 다문리 793-8번지,12520,031-775-7741,031-775-7745,,37.48055357,127.5893034
파주시,노인돌봄종합서비스,어르신케어재가복지센터,경기도 파주시 시청로 19,경기도 파주시 금촌동 765-22번지 다우스카이빌딩 3층,10929,031-948-4111,031-948-4150,,37.75878532,126.7756482
안산시,노인돌봄종합서비스,에덴돌봄센터,경기도 안산시 단원구 초지로 116,경기도 안산시 단원구 초지동 726-4번지 미강프라자 305호,15445,031-413-8887,031-413-8177,,37.30903744,126.8152708
포천시,노인돌봄종합서비스,에이원노인복지센터,경기도 포천시 소흘읍 송우로 65,경기도 포천시 소흘읍 송우리 729-7번지 메듀파크 8층,11177,031-544-1555,031-544-1557,,37.82928683,127.1415282
여주시,노인돌봄종합서비스,연합복지센터,경기도 여주시 가남읍 태평2길 48,경기도 여주시 가남읍 태평리 193-2번지 태선연립 105호,12662,031-884-1999,031-884-1240,,37.20514007,127.5445972
의정부시,노인돌봄종합서비스,영광노인종합재가센터(돌봄),경기도 의정부시 백석로68번길 27,경기도 의정부시 호원동 343번지 호원프라자 405호,11632,031-877-6953,031-878-6953,,37.72849023,127.0457602
가평군,노인돌봄종합서비스,예사랑재가복지센터,경기도 가평군 조종면 현창로 28-5,경기도 가평군 조종면 현리 410-42번지 4층,12438,031-585-5679,031-585-5611,,37.81750714,127.3493172
파주시,노인돌봄종합서비스,오로지한마음노인복지센터,경기도 파주시 한마음2길 48-18,경기도 파주시 금촌동 957-6번지 유성빌딩 2층 1호,10925,031-954-6006,031-948-4738,,37.75681553,126.7727038
오산시,노인돌봄종합서비스,오산지역자할센터,경기도 오산시 궐리사로46번길 18,경기도 오산시 궐동 668-2번지,18122,031-375-3367,031-373-3142,,37.15933216,127.0563118
안산시,노인돌봄종합서비스,오손도손요양원3 부설단기보호,경기도 안산시 단원구 당곡1로 27,경기도 안산시 단원구 고잔동 672-6번지 동산빌딩 401호,15339,031-439-7945,031-439-7946,,37.3227847,126.8379138
안산시,노인돌봄종합서비스,오손도손요양원부설단기보호,경기도 안산시 상록구 한양대학로 40,경기도 안산시 상록구 사동 1570-4번지 한양빌딩 2층,15577,031-501-2230,031-501-2231,,37.30090039,126.838988
연천군,노인돌봄종합서비스,온골재가노인복지센터,경기도 연천군 전곡읍 은전로 104,경기도 연천군 전곡읍 전곡리 353-39번지,11032,031-832-9238,031-835-3900,,38.02837251,127.0710027
광주시,노인돌봄종합서비스,요한나주간보호센터,경기도 광주시 초월읍 경충대로1284번길 41-7,경기도 광주시 초월읍 대쌍령리 154-16번지,12735,031-766-9139,031-766-9605,,37.39117201,127.290195
용인시,노인돌봄종합서비스,용인재가노인지원서비스센터효담채,경기도 용인시 기흥구 죽전로 6,경기도 용인시 기흥구 보정동 1261번지 3호 한솔프라자 7층,16897,031-898-1425,031-898-1498,,37.32014877,127.1093257
김포시,노인돌봄종합서비스,우리가족방문요양전문센터,경기도 김포시 양촌읍 김포한강5로 386,경기도 김포시 양촌읍 양곡리 1332번지 양곡휴먼시아고다니마을9단지 903동 1402호,10062,031-997-0263,031-986-0260,,37.65247577,126.6286586
포천시,노인돌봄종합서비스,우리마을돌봄센터,경기도 포천시 신북면 중앙로 211,경기도 포천시 신북면 가채리 804-10번지,11140,031-533-6673,031-533-6674,,37.90405694,127.2083554
평택시,노인돌봄종합서비스,우리요양센터,경기도 평택시 평택3로 44,경기도 평택시 합정동 742번지 2층,17908,031-651-1365,031-655-1365,,36.99285687,127.0938603
포천시,노인돌봄종합서비스,운천한마음주간보호,경기도 포천시 영북면 운천안길 24,경기도 포천시 영북면 운천리 511-3번지,11106,031-534-4443,034-534-4442,,38.08933256,127.2738469
구리시,노인돌봄종합서비스,으뜸어르신 방문요양센터,경기도 구리시 건원대로99번길 112,경기도 구리시 인창동 707번지 동문굿모닝힐 상가동 204호,11918,031-563-5501,031-563-5502,,37.60572664,127.1382584
의왕시,노인돌봄종합서비스,은빛노인복지센터,경기도 의왕시 내손순환로 115,경기도 의왕시 내손동 675-7번지,16028,031-425-5575,031-424-7288,,37.384861,126.9837542
하남시,노인돌봄종합서비스,은빛방문요양센터,경기도 하남시 수리남로5번길 26,경기도 하남시 덕풍동 372-78번지 1층,12976,031-792-5531,031-793-7583,,37.53856814,127.20151
파주시,노인돌봄종합서비스,은빛사랑채,경기도 파주시 법원읍 술이홀로 832,경기도 파주시 법원읍 대능리 220번지,10828,031-958-1453,031-958-1454,,37.84674366,126.8691111
구리시,노인돌봄종합서비스,은빛요양복지센터,경기도 구리시 검배로84번길 39,경기도 구리시 수택동 276번지 1층,11942,031-552-9902,031-552-9903,,37.59350878,127.1464001
고양시,노인돌봄종합서비스,은파노인복지센터,경기도 고양시 일산동구 장백로 194,경기도 고양시 일산동구 장항동 893번지 1호 위너스21 505호,10414,031-919-6560,031-919-6561,,37.65202351,126.7766538
연천군,노인돌봄종합서비스,은혜마을,경기도 연천군 전곡읍 전은길 184-40,경기도 연천군 전곡읍 은대리 99-4번지 은혜마을,11025,031-835-8308,031-835-8305,,38.04411555,127.0789461
의왕시,노인돌봄종합서비스,의왕노인장기요양재가센터,경기도 의왕시 경수대로 231,경기도 의왕시 고천동 283-5번지 서상빌딩 101호,16076,031-451-3288,031-451-3283,,37.34719666,126.9740918
의왕시,노인돌봄종합서비스,의왕시아름채노인복지관,경기도 의왕시 문화공원로 47,경기도 의왕시 고천동 100번지,16077,031-427-0580,031-427-0581,,37.34275425,126.9724797
용인시,노인돌봄종합서비스,이레홈케어재가센터,경기도 용인시 수지구 대지로 49,경기도 용인시 수지구 죽전동 488번지 죽전퍼스트하임 상가동 201호,16872,031-897-7120,031-897-7120,,37.3296229,127.1143263
연천군,노인돌봄종합서비스,이명희재가복지센터,경기도 연천군 전곡읍 전은길 34-14,경기도 연천군 전곡읍 전곡리 415-4번지,11025,031-835-7334,031-835-8805,,38.0328401,127.0725901
여주시,노인돌봄종합서비스,이옥순방문케어,경기도 여주시 매룡1길 36,경기도 여주시 매룡동 73-3번지,12634,031-881-2725,031-881-2724,,37.28305454,127.6629114
화성시,노인돌봄종합서비스,이웃재가복지센터,,경기도 화성시 능동 1150번지 신일해피트리아파트 제상가동 1층 제비 101호,18429,031-8043-7306,031-8043-7338,,37.20033038,127.0545272
이천시,노인돌봄종합서비스,이천사랑노인재가복지센터,경기도 이천시 남천로 24,경기도 이천시 중리동 233-1번지,17376,031-636-7834,050-4848-7834,,37.27760933,127.4399623
이천시,노인돌봄종합서비스,이천시재가노인지원서비스센터,경기도 이천시 남천로 31,"경기도 이천시 중리동 187번지 (종합복지타운, 2층)",17375,031-636-1512,031-8011-9901,,37.27796552,127.4411032
이천시,노인돌봄종합서비스,이천효재가노인복지센터,경기도 이천시 설봉로 79,경기도 이천시 관고동 1-2번지 103호,17354,031-637-3621,031-637-3623,,37.28340883,127.4383495
군포시,노인돌봄종합서비스,인애방문요양센터,경기도 군포시 광정로 119-1,경기도 군포시 산본동 1146번지 대림상가 지하1층,15825,031-399-7991,031-393-6672,,37.36164557,126.9261235
양주시,노인돌봄종합서비스,자매사랑재가복지센터,경기도 양주시 백석읍 꿈나무로 24,경기도 양주시 백석읍 방성리 122-9번지,11505,031-877-1080,031-878-1080,,37.80395272,126.99943
하남시,노인돌봄종합서비스,자은요양센터주식회사,경기도 하남시 신장로189번길 20,경기도 하남시 덕풍동 348-13번지,12974,031-795-5959,031-795-5919,,37.54176255,127.1985653
파주시,노인돌봄종합서비스,적성재가노인복지센터,경기도 파주시 적성면 청송로 1066,경기도 파주시 적성면 구읍리 610-2번지 104호,10803,031-958-0398,031-958-0397,,37.95595851,126.923188
남양주시,노인돌봄종합서비스,전국참사랑방문요양센터,경기도 남양주시 오남읍 진건오남로 629-1,경기도 남양주시 오남읍 오남리 683-7번지 B층 5호,12040,031-572-3223,031-571-4577,,37.68922038,127.211752
화성시,노인돌봄종합서비스,정다운재가복지센터,경기도 화성시 송산면 사강로 205,경기도 화성시 송산면 사강리 640-4번지 2층,18550,031-357-5840,031-357-5841,,37.2134633,126.7386181
수원시,노인돌봄종합서비스,조원재가복지센터,경기도 수원시 장안구 만석로159번길 39,경기도 수원시 장안구 정자동 297-4번지 5층,16340,031-245-0757,031-258-2030,,37.30306805,126.9967573
광주시,노인돌봄종합서비스,조은케어,경기도 광주시 곤지암읍 신만로 509,경기도 광주시 곤지암읍 만선리 233-2번지 2층,12721,031-765-8340,031-769-8340,,37.36692912,127.4036899
안성시,노인돌봄종합서비스,조은케어재가노인복지센터,경기도 안성시 안성맞춤대로 1043,경기도 안성시 서인동 72번지 5층,17581,031-676-4308,031-674-5657,,37.00649704,127.2689557
양주시,노인돌봄종합서비스,주식회사 양주돌봄센터,경기도 양주시 평화로1416번길 66-2,경기도 양주시 덕계동 409-5번지,11444,031-863-9666,031-861-1177,,37.81731351,127.0496842
양평군,노인돌봄종합서비스,주식회사 양평도우누리,경기도 양평군 양평읍 시민로 92,경기도 양평군 양평읍 공흥리 468-3번지 원재빌딩 4층,12561,031-775-0554,031-775-0549,,37.49038956,127.5016137
의정부시,노인돌봄종합서비스,주은노인재가센터,경기도 의정부시 평화로536번길 6,경기도 의정부시 의정부동 195-4번지 3층,11695,031-847-0022,031-847-6705,,37.73954418,127.0478767
평택시,노인돌봄종합서비스,중부노인돌봄센터,경기도 평택시 고덕면 방축4길 58,경기도 평택시 고덕면 방축리 529-2번지,17821,070-7720-3442,070-8611-3838,,37.01716,127.0422335
화성시,노인돌봄종합서비스,중앙노인복지센터,경기도 화성시 우정읍 버들로88번길 18,경기도 화성시 우정읍 조암리 493-2번지,18563,070-9992-0336,070-8659-0336,,37.08059353,126.8074793
수원시,노인돌봄종합서비스,즐거운 요양센터,경기도 수원시 권선구 금곡로140번길 29,경기도 수원시 권선구 금곡동 1095번지 휴먼시아8단지 상가동 207호,16387,031-247-7778,031-227-7793,,37.27273546,126.9469255
고양시,노인돌봄종합서비스,지성실버케어노인복지센터,경기도 고양시 덕양구 혜음로 103,경기도 고양시 덕양구 고양동 444-1번지 신성프라자 3층 302호,10272,031-963-3385,031-964-3380,,37.70951624,126.9014746
군포시,노인돌봄종합서비스,진영노인재가복지센터,경기도 군포시 고산로724번길 20,경기도 군포시 산본동 80-4번지,15806,031-392-4135,031-392-4136,,37.37294264,126.9384855
연천군,노인돌봄종합서비스,참사랑 방문요양센터,경기도 연천군 군남면 군남로 89,경기도 연천군 군남면 진상리 633-8번지,11007,031-833-7544,031-833-7544,,38.05785948,127.0216708
동두천시,노인돌봄종합서비스,참사랑노인돌봄서비스센터,경기도 동두천시 동두천로 13,경기도 동두천시 송내동 695-2번지 우진프라자 302호,11354,031-865-8879,031-866-8878,,37.88271995,127.0538973
광명시,노인돌봄종합서비스,참사랑노인복지센터,경기도 광명시 광명로888번길 15,경기도 광명시 광명동 158-565번지 2층,14263,02-2688-6045,02-2688-0277,,37.47768222,126.8555722
고양시,노인돌봄종합서비스,참사랑재가센터,경기도 고양시 덕양구 통일로768번길 24-2,경기도 고양시 덕양구 관산동 181-50번지 1층,10285,031-962-8275,031-963-5588,,37.68856876,126.8657338
수원시,노인돌봄종합서비스,참소망노인복지센터,경기도 수원시 팔달구 중부대로 71,경기도 수원시 팔달구 지동 118-4번지 2층,16246,031-221-0019,031-226-3693,,37.2761796,127.0246996
김포시,노인돌봄종합서비스,천사요양재가센타,경기도 김포시 김포대로 841,경기도 김포시 사우동 924번지 7층,10110,031-998-5153,031-983-1243,,37.61943927,126.7199711
의왕시,노인돌봄종합서비스,청계효나눔재가센터,경기도 의왕시 양지편2로 7,경기도 의왕시 청계동 990-2번지 청송빌딩 105호,16009,070-4324-0170,070-4855-0170,,37.38994401,126.9954178
부천시,노인돌봄종합서비스,큰나무노인주간보호센터,경기도 부천시 길주로561번길 13,경기도 부천시 여월동 239번지 17호,14479,032-678-2966,032-678-2965,,37.50751196,126.8047999
파주시,노인돌봄종합서비스,큰맘방문요양센터,경기도 파주시 동패로 98,경기도 파주시 동패동 1752번지 상가동 204호,10905,031-957-1258,050-4020-0187,,37.71153916,126.7408741
광주시,노인돌봄종합서비스,태전재가복지센터,경기도 광주시 고불로 61,경기도 광주시 태전동 267-1번지 203호,12785,031-765-3728,070-4300-3728,,37.39261615,127.231174
파주시,노인돌봄종합서비스,파주아가마지(주식회사행복더하기),경기도 파주시 가나무로 143,경기도 파주시 금릉동 211-5번지 매트로프라자I 203호,10922,031-949-3670,031-945-8902,,37.75430896,126.7810972
평택시,노인돌봄종합서비스,평택돌봄사회서비스센터(주),경기도 평택시 자유로8번길 31,경기도 평택시 합정동 731-16번지 2층,17909,031-618-4788,031-656-4788,,36.99188543,127.09159
평택시,노인돌봄종합서비스,평택온누리요양센터,경기도 평택시 평택로 60-1,경기도 평택시 평택동 62-17번지 2층,17911,031-618-9782,031-618-9783,,36.99261017,127.0862326
평택시,노인돌봄종합서비스,평택합정재가요양복지센터,,경기도 평택시 합정동 829번지 평택합정재가요양복지센터,17912,031-651-7552,031-651-7556,,36.98980464,127.0906665
의정부시,노인돌봄종합서비스,포근한방문요양센터,경기도 의정부시 가능로 22,경기도 의정부시 가능동 722-20번지 준희빌딩 2층,11661,031-878-5901,031-878-5902,,37.74637809,127.0332897
평택시,노인돌봄종합서비스,포승재가방문요양센터,경기도 평택시 포승읍 여술로43번길 18,경기도 평택시 포승읍 도곡리 1109번지 포승삼부르네상스2단지 상가동 120호,17954,031-686-5502,031-686-5503,,36.99077159,126.8474739
포천시,노인돌봄종합서비스,포천나눔의집돌봄센터,경기도 포천시 신북면 중앙로207번길 23,경기도 포천시 신북면 가채리 815-10번지,11140,031-535-1044,031-534-7122,,37.90469153,127.206083
포천시,노인돌봄종합서비스,포천노인복지센터,경기도 포천시 자작로 9,경기도 포천시 자작동 226-11번지,11158,031-534-8880,031-534-8878,,37.86822571,127.1753888
포천시,노인돌봄종합서비스,하나실버복지센터,경기도 포천시 영중면 사은다리길 19,경기도 포천시 영중면 양문리 846-1번지,11129,031-533-1626,031-533-8626,,38.00354542,127.2419016
하남시,노인돌봄종합서비스,하남노인복지센터,경기도 하남시 신장1로21번길 47,경기도 하남시 신장동 427-346번지 3층,12958,031-794-1191,031-794-1291,,37.53915245,127.2075649
하남시,노인돌봄종합서비스,하남요양가정방문센터,경기도 하남시 하남대로 853,경기도 하남시 덕풍동 309-80번지 2층,12966,031-792-7214,031-792-5056,,37.54304309,127.2032531
안성시,노인돌봄종합서비스,하늘사랑재가노인복지센터,경기도 안성시 죽산면 죽주로 252,경기도 안성시 죽산면 죽산리 435-7번지 1층,17519,031-676-2427,031-677-2427,,37.0747658,127.4231645
수원시,노인돌봄종합서비스,한국치료활동복지센터,경기도 수원시 팔달구 경수대로 459,경기도 수원시 팔달구 인계동 979-3번지 현대빌딩 306호,16480,031-8001-0838,031-8001-0838,,37.26721406,127.0263091
파주시,노인돌봄종합서비스,한나노인복지센터,경기도 파주시 광탄면 혜음로 1123,경기도 파주시 광탄면 신산리 371-20번지,10948,031-953-4766,031-948-4936,,37.78147934,126.8471728
부천시,노인돌봄종합서비스,한마음복지센터,경기도 부천시 부천로103번길 26,경기도 부천시 심곡동 100-4번지 라이프타운 201호,14577,032-651-0238,032-613-0238,,37.49381523,126.7834642
포천시,노인돌봄종합서비스,한마음재가복지센터,경기도 포천시 신북면 삼성당4길 24-97,경기도 포천시 신북면 삼성당리 43-1번지,11136,031-533-5553,070-8220-9660,,37.95721444,127.2118259
여주시,노인돌봄종합서비스,한마음재가복지센터,경기도 여주시 대신면 여양로 1466,경기도 여주시 대신면 율촌리 376번지,12610,031-886-0515,031-883-8792,,37.37398595,127.5853117
구리시,노인돌봄종합서비스,한마음재가센터,경기도 구리시 원수택로25번길 6-5,경기도 구리시 수택동 437-27번지 1층,11933,031-556-1425,031-556-1425,,37.59481475,127.1391785
부천시,노인돌봄종합서비스,한빛방문요양센터,경기도 부천시 부천로 235,경기도 부천시 춘의동 122-1번지 형제빌딩 3층,14528,032-683-6830,032-671-6701,,37.5049837,126.7862702
동두천시,노인돌봄종합서비스,한사랑노인돌봄서비스센터,경기도 동두천시 삼육사로 982,경기도 동두천시 생연동 369-14번지,11357,031-857-1991,031-857-1992,,37.89879941,127.0587291
고양시,노인돌봄종합서비스,한사랑재가요양센터,경기도 고양시 덕양구 솔밭2길 7-8,경기도 고양시 덕양구 원흥동 648-5번지 1층,10560,031-973-7411,031-973-7421,,37.65229663,126.8744241
의왕시,노인돌봄종합서비스,한사랑재가장기요양센터,경기도 의왕시 동부시장3길 43,경기도 의왕시 내손동 664번지 101호,16019,031-425-7888,031-426-4888,,37.39060953,126.9843399
김포시,노인돌봄종합서비스,한사랑재가장기요양센터,경기도 김포시 양촌읍 양곡1로 56,경기도 김포시 양촌읍 양곡리 419-11번지 충남빌딩 가동 205호,10059,031-998-7573,031-998-7536,,37.65548638,126.6234533
광주시,노인돌봄종합서비스,한사랑재가장기요양센터,경기도 광주시 송정로 69,경기도 광주시 송정동 580번지 나산아파트 상가 301호,12744,031-768-9191,031-768-9192,,,
부천시,노인돌봄종합서비스,한아름재가방문센터,경기도 부천시 경인로 62,경기도 부천시 송내동 396-1번지 송내메디컬빌딩 6층 602호,14728,032-322-0036,032-321-1161,,37.48334921,126.7621373
연천군,노인돌봄종합서비스,한아름재가복지센터,경기도 연천군 연천읍 지혜로117번길 13-17,경기도 연천군 연천읍 차탄리 253-20번지,11015,031-832-8530,031-834-8531,,38.09527475,127.0693889
화성시,노인돌봄종합서비스,한우리재가복지센터,경기도 화성시 10용사로 284,경기도 화성시 능동 1041번지 송골마을 우남퍼스트빌 아파트 상가동 2층 202호,18418,031-238-4959,031-238-4958,,37.1984408,127.0481394
군포시,노인돌봄종합서비스,한울재가노인복지센터,경기도 군포시 금산로 100,경기도 군포시 산본동 213-9번지 304호,15806,031-392-5181,031-392-5183,,37.37080632,126.9368165
구리시,노인돌봄종합서비스,해바라기재가복지센터,경기도 구리시 안골로56번길 39,경기도 구리시 수택동 437-57번지 1층,11933,031-567-2454,031-568-2454,,37.59553691,127.1379795
연천군,노인돌봄종합서비스,행복나눔재가복지센터,경기도 연천군 전곡읍 전은길 20,경기도 연천군 전곡읍 전곡리 386-1번지 2호,11025,031-832-0808,031-832-2002,,38.03178672,127.0714159
김포시,노인돌봄종합서비스,행복드림 재가 노인복지센터,경기도 김포시 통진읍 서암로131번길 50,경기도 김포시 통진읍 서암리 807-1번지 세종개나리빌라 402호,10016,031-989-9411,031-989-9412,,37.69659758,126.5991382
고양시,노인돌봄종합서비스,행복드림요양센터,경기도 고양시 덕양구 성신로 22,경기도 고양시 덕양구 화정동 1145번지 백년프라자 208호,10503,031-979-0827,050-5364-9999,,37.62750063,126.8309556
연천군,노인돌봄종합서비스,행복방문요양센터,,경기도 연천군 전곡읍 전곡리 263-11번지 조흥아파트 조흥상가 101호동,11038,031-835-1549,031-832-1544,,38.01828254,127.0705606
군포시,노인돌봄종합서비스,행복재가노인요양기관,경기도 군포시 당산로 218,경기도 군포시 산본동 236-18번지 2층,15811,031-393-4796,031-393-4795,,37.36955533,126.9394028
포천시,노인돌봄종합서비스,행복재가요양센터,,경기도 포천시 영중면 양문로8길  42220,,031-534-9932,031-534-9942,,,
의왕시,노인돌봄종합서비스,행복재가장기요양센,경기도 의왕시 찬우물1길 20,경기도 의왕시 오전동 844-13번지,16055,031-451-0708,031-459-1677,,37.35394447,126.970974
양주시,노인돌봄종합서비스,행복한노인복지센터,경기도 양주시 고암길 208,경기도 양주시 고암동 580-8번지 골드프라자 201호,11454,031-858-8417,031-696-5072,,37.83483361,127.0741187
포천시,노인돌봄종합서비스,현대재가노인복지센터,,경기도 포천시 신읍동 3번지 3호,11144,031-531-8871,031-532-8871,,37.90224675,127.2079637
여주시,노인돌봄종합서비스,현대케어복지센터,경기도 여주시 세종로58번길 12,경기도 여주시 창동 158-19번지,12627,031-886-7572,031-886-7524,,37.29274375,127.6342158
화성시,노인돌봄종합서비스,화성재가복지센터 효담채,경기도 화성시 효행로 1076-8,경기도 화성시 병점동 845-2번지 한마음프라자 603호,18405,031-647-6516,070-8224-8946,,37.21457971,127.0445551
의정부시,노인돌봄종합서비스,효노인돌봄센터,경기도 의정부시 둔야로 60,경기도 의정부시 가능동 749-33번지 1층,11671,031-826-0400,031-829-0400,,37.74109665,127.039743
포천시,노인돌봄종합서비스,효드림노인복지센터,경기도 포천시 소흘읍 태봉로 126,경기도 포천시 소흘읍 송우리 729-11번지 고운마을주공아파트 2층 201호,11177,031-533-2211,031-533-3322,,37.82822514,127.1403108
광명시,노인돌봄종합서비스,효드림방문요양센터,경기도 광명시 오리로366번길 3,경기도 광명시 소하동 1242-8번지 용성빌딩 3층 304호,14327,02-897-3230,02-897-3530,,37.43521882,126.8798128
여주시,노인돌봄종합서비스,효사랑방문요양센터,경기도 여주시 여흥로47번길 4-8,경기도 여주시 하동 137-3번지,12623,031-881-3571,031-881-3561,,37.29776901,127.6295773
화성시,노인돌봄종합서비스,효사랑방문요양센터,경기도 화성시 병점중앙로170번길 23,경기도 화성시 진안동 868-1번지 호정빌딩 3층 303호,18399,031-890-6587,031-891-6587,,37.21369012,127.0369501
안성시,노인돌봄종합서비스,효사랑재가노인복지센터,경기도 안성시 고수2로 24,경기도 안성시 당왕동 462-1번지 태영아파트 2층 202호,17571,031-673-7563,031-673-7562,,37.01524128,127.2589856
가평군,노인돌봄종합서비스,효사랑재가노인복지센터,경기도 가평군 청평면 잠곡로 14,경기도 가평군 청평면 청평리 413-5번지,12453,031-581-6661,031-581-6663,,37.736715,127.4201734
수원시,노인돌봄종합서비스,효사랑재가복지센터,경기도 수원시 장안구 만석로159번길 68-6,경기도 수원시 장안구 파장동 495-22번지 2층,16351,031-252-3577,031-252-3578,,37.30450968,126.9967008
화성시,노인돌봄종합서비스,효인주간보호센터,경기도 화성시 남양읍 남양시장로 105,경기도 화성시 남양읍 남양리 1276-5번지 덕왕빌딩 3층,18258,031-366-7166,031-366-7167,,37.21102264,126.8204706
고양시,노인돌봄종합서비스,효자손요양서비스,경기도 고양시 일산동구 산황로 222-11,경기도 고양시 일산동구 산황동 560번지,10453,031-971-8180,031-812-0187,,37.64910315,126.8061241
연천군,노인돌봄종합서비스,희망노인복지센터,경기도 연천군 전곡읍 온골로 7,경기도 연천군 전곡읍 전곡리 266-26번지 3층,11038,031-832-0510,031-832-0511,,38.02209364,127.0701427
파주시,노인돌봄종합서비스,희망복지센,경기도 파주시 번영로 46-26,경기도 파주시 금촌동 519-5번지,10913,031-942-4386,031-942-4389,,37.75822878,126.7675134
화성시,노인돌봄종합서비스,희망재가노인복지센터,경기도 화성시 효행로 241,경기도 화성시 기안동 338-3번지 남수원시티프라자 기안동 2층 212호,18337,031-898-9214,031-898-9215,,37.22599021,126.9723126
양평군,노인돌봄종합서비스,희원노인간호센터 부설 주야간보호센터,경기도 양평군 양서면 용담2길 9-6,경기도 양평군 양서면 용담리 540-5번지 2층,12584,031-774-4786,031-774-4784,,37.54312896,127.3236027
